model,config_id,config,cv_mean,cv_std,test_r2,test_mse,test_mae
RandomForest,1,"{'n_estimators': 50, 'max_depth': 5, 'min_samples_split': 2, 'random_state': 42}",0.6152692993346993,0.045426782247163386,0.6421482934051121,120558.1899097283,212.98847675135795
RandomForest,2,"{'n_estimators': 100, 'max_depth': 7, 'min_samples_split': 2, 'random_state': 42}",0.6151527431979857,0.04616253597336455,0.6418362001618276,120663.33233548746,212.7050172092306
RandomForest,3,"{'n_estimators': 100, 'max_depth': 10, 'min_samples_split': 3, 'random_state': 42}",0.6150877293663439,0.046276435108753934,0.6418407613536945,120661.79569607745,212.69876183798127
RandomForest,4,"{'n_estimators': 150, 'max_depth': 8, 'min_samples_split': 2, 'random_state': 42}",0.6144648691477268,0.046282924442387324,0.6417548963806003,120690.72311361409,212.6601891460184
RandomForest,5,"{'n_estimators': 200, 'max_depth': 6, 'min_samples_split': 4, 'random_state': 42}",0.6141875194037537,0.04607203403568065,0.6418461382095708,120659.98426413536,212.5394653484285
RandomForest,6,"{'n_estimators': 200, 'max_depth': 12, 'min_samples_split': 2, 'random_state': 42}",0.6141221364830165,0.04621725731172459,0.6418493317416523,120658.90838147204,212.37092541627425
RandomForest,7,"{'n_estimators': 300, 'max_depth': 9, 'min_samples_split': 3, 'random_state': 42}",0.6139732928393791,0.04610658121304642,0.6420184730465355,120601.92564482478,211.78760907673484
RandomForest,8,"{'n_estimators': 100, 'max_depth': 15, 'min_samples_split': 5, 'random_state': 42}",0.6150740869557263,0.04627872425286694,0.641821992412795,120668.11884474398,212.9638268423387
RandomForest,9,"{'n_estimators': 150, 'max_depth': 4, 'min_samples_split': 2, 'random_state': 42}",0.5985410214263613,0.03578305568037112,0.6222642582915905,127257.0074288562,236.25475017601107
RandomForest,10,"{'n_estimators': 250, 'max_depth': 7, 'min_samples_split': 2, 'random_state': 42}",0.6139110109520015,0.046109609665437,0.6419261623838923,120633.02457824475,211.93572194636116
RandomForest,11,"{'n_estimators': 100, 'max_depth': 20, 'min_samples_split': 2, 'random_state': 42}",0.6150880317994286,0.04627630005855137,0.6418406735566591,120661.82527439568,212.70187505080423
RandomForest,12,"{'n_estimators': 300, 'max_depth': 5, 'min_samples_split': 6, 'random_state': 42}",0.6136988502024057,0.04493849905983393,0.6414914356498136,120779.48152451613,214.28080280514732
RandomForest,13,"{'n_estimators': 400, 'max_depth': 8, 'min_samples_split': 3, 'random_state': 42}",0.6141859354454416,0.04626135534557374,0.6418160486072937,120670.1212787668,211.99591090233542
RandomForest,14,"{'n_estimators': 500, 'max_depth': 6, 'min_samples_split': 4, 'random_state': 42}",0.614202751826409,0.04620758667129993,0.6416511937838796,120725.65992436335,212.41009655581038
XGBoost,1,"{'n_estimators': 100, 'max_depth': 3, 'learning_rate': 0.1, 'random_state': 42}",0.6129080258714833,0.04538046656739347,0.6389289491233545,121642.76855544177,219.8491072474955
XGBoost,2,"{'n_estimators': 150, 'max_depth': 4, 'learning_rate': 0.05, 'random_state': 42}",0.6142208091341146,0.045940647544142975,0.6408676804566373,120989.62107576118,214.71410504555735
XGBoost,3,"{'n_estimators': 200, 'max_depth': 5, 'learning_rate': 0.1, 'random_state': 42}",0.6143173108617491,0.04657715056974625,0.641242892935875,120863.2141410036,212.63108336143094
XGBoost,4,"{'n_estimators': 100, 'max_depth': 6, 'learning_rate': 0.2, 'random_state': 42}",0.614317311230184,0.04657727066189671,0.6412429596680242,120863.1916593248,212.6307353661292
XGBoost,5,"{'n_estimators': 300, 'max_depth': 3, 'learning_rate': 0.05, 'random_state': 42}",0.6140569563110421,0.04607584488556073,0.6403818617779959,121153.29060546291,216.05473173935596
XGBoost,6,"{'n_estimators': 250, 'max_depth': 4, 'learning_rate': 0.08, 'random_state': 42}",0.6143168416737395,0.04657396632231945,0.6412412401023696,120863.77097114289,212.639691355401
XGBoost,7,"{'n_estimators': 150, 'max_depth': 7, 'learning_rate': 0.1, 'random_state': 42}",0.6143173118746817,0.04657724838872054,0.6412429551651322,120863.19317632336,212.63089791968827
XGBoost,8,"{'n_estimators': 400, 'max_depth': 3, 'learning_rate': 0.03, 'random_state': 42}",0.6135139921665578,0.04565430225452496,0.639633152531337,121405.52646149606,217.6223223999257
XGBoost,9,"{'n_estimators': 100, 'max_depth': 8, 'learning_rate': 0.15, 'random_state': 42}",0.6143173119119709,0.0465772608839527,0.6412429541882974,120863.19350541341,212.63081777089096
XGBoost,10,"{'n_estimators': 200, 'max_depth': 6, 'learning_rate': 0.05, 'random_state': 42}",0.6143174891585772,0.04657384293688308,0.6412410347502662,120863.84015309013,212.64837890679905
XGBoost,11,"{'n_estimators': 300, 'max_depth': 5, 'learning_rate': 0.1, 'random_state': 42}",0.6143173207146212,0.04657724731285294,0.6412429287475911,120863.2020762416,212.63080641075905
XGBoost,12,"{'n_estimators': 500, 'max_depth': 4, 'learning_rate': 0.02, 'random_state': 42}",0.6142636652842585,0.04634600236150253,0.6411363144629023,120899.11981798691,213.24536585082424
XGBoost,13,"{'n_estimators': 150, 'max_depth': 10, 'learning_rate': 0.1, 'random_state': 42}",0.6143173107421012,0.04657725167443537,0.6412429482998498,120863.19548919765,212.63090370196622
LightGBM,1,"{'n_estimators': 100, 'max_depth': 5, 'learning_rate': 0.1, 'num_leaves': 31, 'random_state': 42}",0.6023883746645696,0.04851632680564151,0.6263885811254034,125867.546693349,230.9437029096561
LightGBM,2,"{'n_estimators': 150, 'max_depth': 6, 'learning_rate': 0.05, 'num_leaves': 63, 'random_state': 42}",0.5984824858902428,0.04926840410219055,0.6220650246847517,127324.12808964118,233.1818818472288
LightGBM,3,"{'n_estimators': 200, 'max_depth': 4, 'learning_rate': 0.1, 'num_leaves': 15, 'random_state': 42}",0.6093314545906297,0.04610096702813787,0.6350018156645245,122965.7973201654,225.66854989335877
LightGBM,4,"{'n_estimators': 100, 'max_depth': 7, 'learning_rate': 0.2, 'num_leaves': 127, 'random_state': 42}",0.6114488568348551,0.047239500590804916,0.6381425033064779,121907.71764579797,221.22028220987087
LightGBM,5,"{'n_estimators': 300, 'max_depth': 3, 'learning_rate': 0.05, 'num_leaves': 7, 'random_state': 42}",0.6035560507361823,0.04635596234598893,0.6281230113985319,125283.22707044521,231.4640916374991
LightGBM,6,"{'n_estimators': 250, 'max_depth': 5, 'learning_rate': 0.08, 'num_leaves': 31, 'random_state': 42}",0.6107646989121307,0.04695353019519156,0.6368285999223076,122350.36416890415,222.96264241026373
LightGBM,7,"{'n_estimators': 150, 'max_depth': 8, 'learning_rate': 0.1, 'num_leaves': 255, 'random_state': 42}",0.6089394527652615,0.04764791946922432,0.6346278787913504,123091.77451054784,224.07010373674012
LightGBM,8,"{'n_estimators': 400, 'max_depth': 4, 'learning_rate': 0.03, 'num_leaves': 15, 'random_state': 42}",0.603011076313104,0.04671115663465152,0.6273914615064196,125529.68203823321,231.16493460497568
LightGBM,9,"{'n_estimators': 100, 'max_depth': 10, 'learning_rate': 0.15, 'num_leaves': 1023, 'random_state': 42}",0.6089710894632369,0.04781404520442971,0.6348422013126249,123019.57048093004,224.02641422149338
LightGBM,10,"{'n_estimators': 200, 'max_depth': 6, 'learning_rate': 0.05, 'num_leaves': 63, 'random_state': 42}",0.6029819873286899,0.04870717156864605,0.6276614349310359,125438.72953808952,229.59127885908555
LightGBM,11,"{'n_estimators': 300, 'max_depth': 5, 'learning_rate': 0.1, 'num_leaves': 31, 'random_state': 42}",0.6131025971259415,0.046677752996910835,0.6396825906927466,121388.87102813588,219.60738152968295
LightGBM,12,"{'n_estimators': 500, 'max_depth': 4, 'learning_rate': 0.02, 'num_leaves': 15, 'random_state': 42}",0.6003059253631257,0.04707713642933291,0.624216006384364,126599.47467747296,233.69965389290167
LightGBM,13,"{'n_estimators': 150, 'max_depth': 12, 'learning_rate': 0.1, 'num_leaves': 4095, 'random_state': 42}",0.608882041267395,0.047799574567347146,0.6347496203865283,123050.76046455927,224.36530905839254
